,Axis Gold,Axis Short Duration,WhiteOak Capital Arbitrage,Nippon India Large Cap,Bandhan Small Cap
2024-09-10,23.1363,31.3214,10.013,99.2319,51.28
2024-09-11,23.2779,31.342,10.015,98.7724,51.172
2024-09-12,23.2667,31.3555,10.017,100.2373,51.628
2024-09-13,23.6147,31.3769,10.018,100.089,51.997
2024-09-16,23.7904,31.4129,10.023,100.114,52.291
2024-09-17,23.6971,31.4089,10.025,100.0653,52.385
2024-09-18,23.7083,31.4089,10.027,99.968,52.153
2024-09-19,23.8201,31.4375,10.029,99.8842,51.518
2024-09-20,23.9242,31.4461,10.031,100.9598,52.141
2024-09-23,24.0617,31.464,10.036,101.6433,52.637
2024-09-24,24.158,31.4741,10.027,101.7456,52.708
2024-09-25,24.3645,31.4964,10.037,102.0413,52.576
2024-09-26,24.4425,31.5209,10.036,102.6658,52.385
2024-09-27,24.3943,31.5105,10.024,102.7061,52.302
2024-09-30,24.3832,31.5342,10.031,101.4475,52.368
2024-10-01,24.3907,31.5567,10.033,101.4323,52.525
2024-10-03,24.4454,31.5498,10.026,99.4889,51.612
2024-10-04,24.523,31.5305,10.045,98.7097,51.211
2024-10-07,24.4464,31.538,10.041,97.3987,49.815
2024-10-08,24.2946,31.561,10.055,98.6381,50.936
2024-10-09,24.1222,31.6016,10.061,98.9923,51.43
2024-10-10,24.1485,31.6072,10.06,99.2685,51.616
2024-10-11,24.3889,31.6222,10.067,99.139,51.841
2024-10-14,24.5238,31.6477,10.067,99.6839,51.867
2024-10-15,24.4181,31.6577,10.074,99.6355,52.488
2024-10-16,24.6732,31.6572,10.067,99.5525,52.611
2024-10-17,24.688,31.6583,10.069,98.6003,51.852
2024-10-18,24.9241,31.6484,10.068,98.9248,51.759
2024-10-21,25.1787,31.6511,10.086,98.4247,51.076
2024-10-22,25.1467,31.6485,10.082,96.8263,49.449
2024-10-23,25.3359,31.6717,10.082,96.7928,49.865
2024-10-24,25.169,31.6799,10.082,96.5901,49.301
2024-10-25,25.053,31.6768,10.091,95.6705,48.08
2024-10-28,25.1651,31.6814,10.094,96.0172,48.914
2024-10-29,25.4283,31.6963,10.097,96.8881,49.227
2024-10-30,25.6331,31.7064,10.091,96.533,49.888
2024-10-31,25.586,31.7061,10.091,96.3789,50.42
2024-11-04,25.2072,31.7303,10.105,95.6366,50.225
2024-11-05,25.2182,31.7357,10.115,96.3891,50.566
2024-11-06,25.2113,31.7389,10.11,97.5614,51.552
2024-11-07,24.6007,31.7515,10.112,96.8112,51.092
2024-11-08,24.9108,31.7739,10.122,96.4406,50.281
2024-11-11,24.6719,31.79,10.121,96.5738,49.876
2024-11-12,24.0275,31.793,10.13,95.3799,49.186
2024-11-13,24.1838,31.7925,10.126,93.9405,47.832
2024-11-14,23.6933,31.7892,10.132,93.9927,48.185
2024-11-18,24.1471,31.8171,10.136,93.7894,47.784
2024-11-19,24.4774,31.8291,10.144,94.0998,48.148
2024-11-21,24.7561,31.8323,10.149,93.5182,47.852
2024-11-22,25.0005,31.8294,10.148,95.4297,48.351
2024-11-25,24.6775,31.8594,10.145,96.8798,49.016
2024-11-26,24.2695,31.8624,10.153,96.7895,49.458
2024-11-27,24.5291,31.8698,10.146,97.2127,50.22
2024-11-28,24.5779,31.8747,10.141,96.1824,50.515
2024-11-29,24.6117,31.914,10.145,96.7197,50.869
2024-11-30,24.6116,31.9201,10.145,96.7197,50.869
2024-12-02,24.4615,31.9714,10.154,97.1205,51.214
2024-12-03,24.5251,31.9827,10.169,98.2022,51.748
2024-12-04,24.5811,32.0092,10.169,98.6536,51.984
2024-12-05,24.5513,32.0187,10.171,99.4147,52.091
2024-12-06,24.555,31.9956,10.161,99.6509,52.469
2024-12-09,24.6257,32.0206,10.173,99.5074,52.714
2024-12-10,24.8116,32.0343,10.172,99.546,52.826
2024-12-11,24.9492,32.0317,10.171,99.6289,53.024
2024-12-12,25.1201,32.0285,10.171,99.2226,52.588
2024-12-13,24.7474,32.0357,10.176,99.7847,52.357
2024-12-16,24.721,32.0533,10.177,99.805,52.678
2024-12-17,24.6086,32.0513,10.177,98.876,52.469
2024-12-18,24.6423,32.0647,10.187,98.1827,52.157
2024-12-19,24.4289,32.0402,10.187,97.4275,51.967
2024-12-20,24.3166,32.0424,10.196,95.8415,50.843
2024-12-23,24.4961,32.0655,10.203,96.1694,50.574
2024-12-24,24.4249,32.0657,10.201,96.1467,50.725
2024-12-26,24.526,32.0715,10.206,96.1901,50.597
2024-12-27,24.6384,32.0767,10.207,96.1819,50.83
2024-12-30,24.5148,32.0971,10.207,95.6777,50.531
2024-12-31,24.5821,32.1162,10.215,95.6932,50.819
2025-01-01,24.7241,32.117,10.222,96.1113,51.178
2025-01-02,24.7762,32.12,10.224,97.5681,51.595
2025-01-03,24.9302,32.1313,10.231,97.1671,51.653
2025-01-06,24.7425,32.1566,10.241,95.3266,50.024
2025-01-07,24.8476,32.1716,10.241,95.7436,50.67
2025-01-08,24.9301,32.1694,10.24,95.4138,50.028
2025-01-09,25.0237,32.1693,10.241,94.581,49.406
2025-01-10,25.2369,32.1711,10.253,93.7271,48.237
2025-01-13,25.4273,32.1361,10.254,91.922,46.45
2025-01-14,25.3119,32.1432,10.249,92.5951,47.341
2025-01-15,25.3231,32.1625,10.26,92.9463,47.526
2025-01-16,25.4972,32.2067,10.26,93.5764,48.031
2025-01-17,25.5601,32.2114,10.264,93.4158,47.993
2025-01-20,25.6119,32.2348,10.266,93.6339,48.385
2025-01-21,25.7344,32.2538,10.27,91.9008,47.458
2025-01-22,25.9801,32.2688,10.269,91.9229,46.877
2025-01-23,25.8865,32.2715,10.274,92.2667,47.146
2025-01-24,26.021,32.2828,10.283,91.4588,46.005
2025-01-27,25.9501,32.3251,10.283,89.9694,44.62
2025-01-28,25.9279,32.3289,10.283,90.2227,44.226
2025-01-29,26.0798,32.3297,10.291,91.4688,45.514
2025-01-30,26.1316,32.3387,10.288,91.7379,45.554
2025-01-31,26.4494,32.3412,10.3,92.8772,46.366
2025-02-03,26.6008,32.3738,10.304,92.4237,45.929
2025-02-04,26.81,32.3806,10.307,93.9231,46.559
2025-02-05,27.3771,32.4046,10.311,93.8883,47.248
2025-02-06,27.3432,32.4232,10.313,93.4896,47.14
2025-02-07,27.3993,32.4048,10.316,93.319,46.758
2025-02-10,27.7946,32.4102,10.321,92.1773,45.749
2025-02-11,27.5564,32.4218,10.322,90.5443,44.302
2025-02-12,27.3374,32.4241,10.323,90.3408,44.281
2025-02-13,27.5485,32.4261,10.327,90.3683,44.214
2025-02-14,27.714,32.4302,10.331,89.5741,42.918
2025-02-17,27.4122,32.4481,10.329,89.5693,42.709
2025-02-18,27.6176,32.4552,10.338,89.5354,42.185
2025-02-19,27.8484,32.4552,10.338,90.0404,43.014
2025-02-20,27.7642,32.464,10.34,90.3489,43.571
2025-02-21,27.5422,32.4726,10.345,89.8495,43.306
2025-02-24,27.812,32.4937,10.34,88.9334,42.857
2025-02-25,27.8968,32.5004,10.346,88.7605,42.711
2025-02-27,27.397,32.5022,10.352,88.4321,42.036
2025-02-28,27.1844,32.506,10.359,86.9222,41.235
2025-03-03,27.334,32.5175,10.361,86.983,40.946
2025-03-04,27.6991,32.5135,10.363,87.1643,41.297
2025-03-05,27.621,32.5206,10.363,88.2535,42.39
2025-03-06,27.5466,32.5401,10.374,89.174,43.117
2025-03-07,27.6283,32.5476,10.373,89.1195,43.435
2025-03-10,27.5802,32.5622,10.386,88.5879,42.674
2025-03-11,27.5326,32.5712,10.377,88.5042,42.312
2025-03-12,27.6891,32.5803,10.377,88.3738,42.25
2025-03-13,27.8005,32.587,10.391,88.0656,41.921
2025-03-17,28.1492,32.6153,10.385,88.6746,41.895
2025-03-18,28.3417,32.6251,10.387,90.2544,42.984
2025-03-19,28.3972,32.6606,10.391,90.9711,43.796
2025-03-20,28.5004,32.6907,10.398,91.6767,44.126
2025-03-21,28.3092,32.7135,10.401,92.543,44.939
2025-03-24,27.9776,32.7468,10.404,93.8123,45.32
2025-03-25,28.0558,32.7563,10.408,93.5158,44.656
2025-03-26,28.1079,32.7887,10.408,92.657,43.975
2025-03-27,28.2232,32.8496,10.409,93.3884,44.36
2025-03-28,28.3755,32.8855,10.432,92.8735,44.182
2025-03-31,28.3755,32.9028,10.434,92.8702,44.183
2025-04-01,29.3056,32.9028,10.431,91.6629,44.13
2025-04-02,29.1363,33.018,10.438,92.4165,44.61
2025-04-03,28.9878,33.039,10.445,92.2243,45.028
2025-04-04,28.6548,33.0589,10.454,90.4333,43.673
2025-04-07,28.151,33.0713,10.452,87.7802,42.012
2025-04-08,28.1548,33.0768,10.453,89.2409,42.853
2025-04-09,28.6696,33.119,10.458,88.641,42.286
2025-04-11,29.7901,33.1516,10.459,90.0693,43.541
2025-04-15,29.7045,33.1937,10.467,92.3268,44.78
2025-04-16,30.3439,33.2239,10.475,92.8983,45.337
2025-04-17,30.433,33.2579,10.48,94.1055,45.592
2025-04-21,31.0717,33.3182,10.484,95.3869,46.266
2025-04-22,31.6474,33.3365,10.487,95.6204,46.618
2025-04-23,30.7058,33.3505,10.489,96.1708,46.803
2025-04-24,30.7686,33.3634,10.488,96.0597,46.828
2025-04-25,30.5987,33.3427,10.506,94.8844,45.81
2025-04-28,30.2139,33.3464,10.494,96.0282,46.011
2025-04-29,30.5874,33.3847,10.502,96.0929,45.993
2025-04-30,30.2058,33.3821,10.507,95.8147,45.308
2025-05-02,30.0321,33.39562,10.511,95.9389,45.14
2025-05-05,30.3964,33.4297,10.505,96.5552,45.668
2025-05-06,31.1427,33.4219,10.516,95.5648,44.563
2025-05-07,31.018,33.4319,10.513,96.0208,45.065
2025-05-08,30.9,33.3836,10.527,95.1487,44.664
2025-05-09,30.822,33.3752,10.519,94.3482,44.419
2025-05-12,30.3025,33.3752,10.503,97.9099,46.164
2025-05-13,30.2358,33.4772,10.521,97.054,46.499
2025-05-14,29.9917,33.5126,10.52,97.6473,47.153
2025-05-15,29.4187,33.5481,10.525,98.9453,47.593
2025-05-16,29.8087,33.5912,10.521,99.2225,48.063
2025-05-19,29.9574,33.6163,10.531,99.1325,48.523
2025-05-20,29.8868,33.6376,10.526,97.9113,48.133
2025-05-21,30.4764,33.6876,10.535,98.6038,48.281
2025-05-22,30.5134,33.6848,10.535,97.9101,48.28
2025-05-23,30.469,33.6901,10.54,98.8611,48.612
2025-05-26,30.4949,33.7134,10.542,99.6536,48.949
2025-05-27,30.3841,33.723,10.542,99.2431,48.936
2025-05-28,30.6237,33.7385,10.55,99.1118,49.211
2025-05-29,30.225,33.7363,10.547,99.4341,49.4
2025-05-30,30.3772,33.7328,10.554,99.1611,49.617
2025-05-31,30.3771,33.7386,10.554,99.1611,49.617
2025-06-02,30.7701,33.7519,10.559,99.2736,49.775
2025-06-03,30.9621,33.7652,10.561,98.7161,49.804
2025-06-04,31.091,33.7738,10.565,99.1551,49.883
2025-06-05,31.2161,33.7837,10.567,99.6617,50.18
2025-06-06,31.0248,33.871,10.569,100.6269,50.809
2025-06-09,30.7417,33.8604,10.574,101.3481,51.315
2025-06-10,30.7712,33.8116,10.581,101.2256,51.468
2025-06-11,30.8993,33.7913,10.576,101.3151,51.505
2025-06-12,31.1411,33.7669,10.587,100.0453,50.851
2025-06-13,31.7738,33.7435,10.596,99.3528,50.776
2025-06-16,31.763,33.7732,10.589,100.0818,50.884
2025-06-17,31.5227,33.805,10.6,99.7999,50.58
2025-06-18,31.6076,33.8158,10.597,99.7448,50.387
2025-06-19,31.5817,33.8034,10.601,99.3123,49.64
2025-06-20,31.3825,33.7988,10.605,100.4075,49.937
2025-06-23,31.5666,33.8126,10.602,99.9129,49.937
2025-06-24,30.851,33.844,10.602,100.5325,50.41
2025-06-25,30.9134,33.8319,10.603,101.2439,50.97
2025-06-26,30.9718,33.8311,10.609,102.1458,50.975
2025-06-27,30.4548,33.8281,10.612,102.6148,51.1
2025-06-30,30.564,33.8525,10.617,102.3501,51.43
2025-07-01,31.0003,33.8822,10.622,102.2738,51.426
2025-07-02,30.9782,33.8996,10.622,101.8391,51.398
2025-07-03,30.9623,33.9274,10.629,101.5231,51.508
2025-07-04,30.8921,33.9356,10.632,101.7883,51.526
2025-07-07,30.7704,33.9663,10.637,101.754,51.382
2025-07-08,30.8696,33.9654,10.633,102.0364,51.362
2025-07-09,30.5389,33.9641,10.638,102.039,51.476
2025-07-10,30.8657,33.9636,10.642,101.799,51.702
2025-07-11,31.0309,33.9699,10.647,101.2686,51.544
2025-07-14,31.2671,33.9841,10.641,101.0587,51.839
2025-07-15,31.1749,33.9899,10.646,101.4168,52.374
2025-07-16,31.024,33.991,10.649,101.623,52.595
2025-07-17,30.9982,34.0059,10.648,101.4318,52.783
2025-07-18,31.1783,34.0208,10.653,100.9286,52.56
2025-07-21,31.4097,34.0382,10.654,101.3735,52.617
2025-07-22,31.6562,34.0527,10.661,101.3272,52.481
2025-07-23,31.9825,34.0607,10.658,101.7894,52.392
2025-07-24,31.3581,34.0635,10.662,101.3281,52.183
2025-07-25,31.3204,34.0534,10.671,100.2598,51.543
2025-07-28,31.2901,34.0646,10.669,99.6981,50.996
2025-07-29,31.2755,34.0651,10.669,100.2101,51.413
2025-07-30,31.5092,34.0662,10.674,100.6886,51.561
2025-07-31,31.3734,34.0774,10.682,100.5941,51.053
2025-08-01,31.2642,34.091,10.693,99.9113,50.408
2025-08-04,31.8576,34.1272,10.689,100.2779,50.697
2025-08-05,31.9136,34.1315,10.695,100.1112,50.491
2025-08-06,31.8576,34.0901,10.695,99.7886,50.033
2025-08-07,32.141,34.1037,10.684,99.9091,49.945
2025-08-08,32.2496,34.1112,10.699,98.9884,49.521
2025-08-11,31.7172,34.1013,10.7,99.916,49.757
2025-08-12,31.6644,34.0731,10.703,99.7536,49.744
2025-08-13,31.7578,34.0633,10.697,100.5914,49.898
2025-08-14,31.7389,34.1005,10.709,100.5741,49.776
2025-08-18,31.6291,34.1041,10.704,101.6867,50.169
2025-08-19,31.4299,34.09,10.709,102.2421,50.591
2025-08-20,31.3211,34.1115,10.715,102.6558,50.597
2025-08-21,31.5158,34.1124,10.721,102.728,50.615
2025-08-22,31.5306,34.1083,10.723,102.052,50.462
2025-08-25,31.8801,34.107,10.726,102.3387,50.574
2025-08-26,31.966,34.0805,10.73,101.34,49.953
2025-08-28,32.1962,34.133,10.73,100.5523,49.408
2025-08-29,32.5885,34.1098,10.73,100.3496,49.231
2025-08-31,32.5882,34.1206,10.73,100.3496,49.231
2025-09-01,33.1981,34.1148,10.731,101.1664,49.87
2025-09-02,33.1528,34.1199,10.739,100.9907,50.093
2025-09-03,33.7014,34.1333,10.735,101.5909,50.456
2025-09-04,33.7027,34.1581,10.746,101.4965,50.263
2025-09-05,33.8267,34.1799,10.738,101.5517,50.239
2025-09-08,34.3592,34.1799,10.741,101.6765,50.513
2025-09-09,34.9512,34.2107,10.743,101.9677,50.541
2025-09-10,34.7114,34.2155,10.746,102.3512,51.093
2025-09-11,34.5619,34.222,10.75,102.4033,51.402
2025-09-12,34.8569,34.2232,10.752,102.9764,51.404
2025-09-15,34.7139,34.2313,10.75,103.15,51.731
2025-09-16,35.2903,34.2419,10.752,103.9014,52.015
2025-09-17,34.7545,34.2589,10.757,104.2438,52.294
2025-09-18,34.9326,34.261,10.756,104.5531,52.321
2025-09-19,34.7928,34.2679,10.76,104.3509,52.396
2025-09-22,35.519,34.2928,10.763,103.8105,52.123
2025-09-23,36.347,34.3076,10.759,103.8134,51.942
2025-09-24,36.0982,34.316,10.769,103.3338,51.635
2025-09-25,35.9516,34.3275,10.77,102.4742,51.221
2025-09-26,35.9406,34.3302,10.782,101.3125,50.286
2025-09-30,36.6561,34.3406,10.78,101.3,50.321
2025-10-01,37.5869,34.3677,10.785,102.0581,50.758
2025-10-03,36.9156,34.4052,10.789,102.3835,50.978
2025-10-06,37.8865,34.4414,10.792,102.8296,50.968
2025-10-07,38.0769,34.4666,10.793,102.7883,50.993
2025-10-08,38.8354,34.4774,10.807,102.3564,50.793
2025-10-09,38.7637,34.4751,10.798,102.7968,50.926
2025-10-10,38.3534,34.4774,10.798,103.236,51.292
2025-10-13,39.2492,34.5055,10.809,102.968,51.096
2025-10-14,40.2994,34.5123,10.818,102.5439,50.695
2025-10-15,40.2957,34.5338,10.811,103.2825,51.206
2025-10-16,40.1719,34.534,10.817,104.1594,51.377
2025-10-17,41.4456,34.5471,10.826,104.4673,51.193
2025-10-20,40.1184,34.5647,10.828,104.88,51.811
2025-10-23,38.7614,34.5656,10.83,105.0429,52.251
2025-10-24,38.1564,34.5687,10.838,104.6441,52.271
2025-10-27,38.0769,34.5826,10.836,105.1974,52.616
2025-10-28,36.6575,34.592,10.838,105.143,52.651
2025-10-29,38.0677,34.5971,10.836,105.7985,52.987
2025-10-30,37.931,34.5978,10.844,105.2376,52.707
2025-10-31,38.207,34.6074,10.841,104.5102,52.587
2025-11-03,38.0745,34.6286,10.847,104.8494,53.059
2025-11-04,38.03,34.6427,10.862,104.296,52.67
2025-11-06,38.1313,34.6592,10.861,103.6683,52.061
2025-11-07,38.0788,34.6685,10.862,103.6712,52.201
2025-11-10,38.8585,34.6879,10.859,103.8912,52.073
2025-11-11,39.4847,34.7036,10.863,104.1242,51.959
2025-11-12,39.1914,34.7096,10.862,104.6829,52.346
2025-11-13,40.3376,34.7075,10.875,104.6624,52.24
2025-11-14,39.5021,34.7046,10.875,104.6864,52.272
2025-11-17,38.7643,34.718,10.879,105.1203,52.648
2025-11-18,38.2841,34.7255,10.887,104.6087,52.228
2025-11-19,39.0385,34.7407,10.889,105.1392,52.173
2025-11-20,38.611,34.7466,10.891,105.6047,51.91
2025-11-21,38.8793,34.7413,10.896,104.8664,51.462
2025-11-24,38.9204,34.7653,10.897,104.323,51.091
2025-11-25,39.35,34.7862,10.904,104.1712,51.284
2025-11-26,39.7227,34.8031,10.899,105.5755,51.814
2025-11-27,39.6398,34.8035,10.899,105.684,51.641
2025-11-28,39.8421,34.8045,10.9,105.6844,51.572
2025-11-30,39.8418,34.8165,10.9,105.6844,51.573
2025-12-01,40.6241,34.793,10.907,105.5389,51.728
2025-12-02,40.2959,34.8075,10.908,105.2367,51.531
2025-12-03,40.646,34.8086,10.913,105.0214,51.139
2025-12-04,40.3853,34.8134,10.914,105.0426,51.136
2025-12-05,40.7816,34.8458,10.916,105.4142,50.936
2025-12-08,40.7585,34.8378,10.929,104.3721,49.918
2025-12-09,40.4881,34.8047,10.925,104.2635,50.346
2025-12-10,40.4916,34.7747,10.934,104.014,50.164
2025-12-11,40.8878,34.778,10.925,104.659,50.279
2025-12-12,41.9096,34.7833,10.928,105.2738,50.699
2025-12-15,42.2988,34.7797,10.932,105.1821,50.703
2025-12-16,41.7021,34.7858,10.939,104.4782,50.511
2025-12-17,41.9663,34.7818,10.942,104.1918,50.268
2025-12-18,41.9661,34.7993,10.939,104.0678,50.124
2025-12-19,41.8791,34.8027,10.941,104.7495,50.593
2025-12-22,42.6449,34.7923,10.952,105.338,51.076
2025-12-23,43.3662,34.7836,10.953,105.5381,51.224
2025-12-24,43.1769,34.8502,10.955,105.3548,51.045
2025-12-26,43.5574,34.8604,10.959,104.9912,50.925
2025-12-29,43.0716,34.8731,10.964,104.7188,50.522
2025-12-30,42.2447,34.8669,10.966,104.5935,50.367
2025-12-31,41.8717,34.885,10.974,105.3421,50.881
2026-01-01,42.1503,34.8977,10.971,105.4001,51.1
2026-01-02,42.7031,34.8903,10.973,106.1272,51.659
2026-01-05,43.1765,34.8808,10.987,105.7109,51.842
2026-01-06,43.2621,34.8874,10.985,105.7006,51.762
2026-01-07,43.0361,34.8805,10.989,105.6078,51.962
2026-01-08,42.73,34.8823,10.994,104.3327,51.071
2026-01-09,43.383,34.885,10.997,103.4654,50.39
2026-01-12,44.6285,34.9108,10.993,103.6218,50.114
2026-01-13,44.4742,34.8874,11.003,103.3735,50.193
2026-01-14,45.3211,34.8697,11.003,103.3177,50.368
2026-01-16,44.9292,34.8414,11.008,103.2136,50.253
2026-01-19,46.358,34.8328,11.014,102.9226,49.915
2026-01-20,47.9877,34.8238,11.019,101.2908,48.534
2026-01-21,52.0339,34.8236,11.019,100.8963,48.119
2026-01-22,47.3722,34.8605,11.017,101.5393,48.635
2026-01-23,48.6226,34.864,11.027,100.5127,47.712
2026-01-27,50.1338,34.882,11.021,100.8952,47.827
2026-01-28,52.037,34.8671,11.029,101.8416,48.655
2026-01-29,56.2614,34.8724,11.031,102.3949,48.522
2026-01-30,49.245,34.9031,11.044,102.2355,48.855
2026-01-31,49.2454,34.9095,11.044,102.2355,48.855
2026-02-02,44.6335,34.9028,11.045,101.2456,48.285
2026-02-03,47.854,34.9471,11.048,103.8538,50.045
2026-02-04,49.644,34.992,11.045,104.0764,50.487
2026-02-05,47.8437,35.0251,11.049,103.759,50.217
2026-02-06,47.8112,34.9876,11.06,103.9204,50.015
2026-02-09,48.6931,34.9956,11.058,104.8998,51.232
2026-02-10,48.9252,34.9979,11.059,105.3572,51.33
2026-02-11,49.0367,35.0188,11.063,105.5426,51.328
2026-02-12,49.0863,35.0638,11.061,104.9922,50.995
2026-02-13,48.0255,35.1028,11.069,103.8148,50.357
2026-02-16,48.4062,35.1263,11.066,104.5361,50.191
2026-02-17,47.4436,35.1296,11.074,104.7084,50.544
2026-02-18,47.5113,35.1301,11.078,105.2559,50.681
2026-02-19,48.5601,35.1301,11.087,103.5918,50.019
2026-02-20,48.6314,35.1269,11.084,104.2351,49.986
2026-02-23,49.6543,35.144,11.092,104.8203,50.057
2026-02-24,50.1341,35.1545,11.085,103.9564,49.489
2026-02-25,50.2665,35.1701,11.093,104.4641,49.614
2026-02-26,49.8161,35.1852,11.095,104.5075,49.664
2026-02-27,50.2847,35.1943,11.099,103.3052,49.194
2026-02-28,50.2845,35.2022,11.099,103.3052,49.194
2026-03-02,53.268,35.2071,11.107,101.8541,48.126
2026-03-04,50.7398,35.1801,11.11,99.951,47.164
2026-03-05,50.3389,35.2067,11.111,101.1422,47.85
2026-03-06,49.7599,35.2071,11.119,100.0829,47.525
2026-03-09,50.0876,35.1619,11.114,98.2895,46.477
2026-03-10,50.3774,35.1996,11.107,99.4725,47.446
2026-03-11,50.6367,35.2161,11.127,98.1139,47.443
2026-03-12,50.5801,35.1814,11.123,97.31,47.467
2026-03-13,49.7031,35.1656,11.13,95.1844,46.47
2026-03-16,48.2847,35.1678,11.135,95.9441,46.116
2026-03-17,48.9213,35.1716,11.135,96.6146,46.491
2026-03-18,48.7431,35.1902,11.14,97.5488,47.391
2026-03-19,46.0855,35.1902,11.141,94.5458,46.342
2026-03-20,46.1838,35.1811,11.142,94.8276,46.478
2026-03-23,41.7319,35.1055,11.152,92.1523,44.863
2026-03-24,44.2166,35.1001,11.148,93.8354,45.752
2026-03-25,45.4817,35.1043,11.154,95.6217,46.694
2026-03-27,44.7212,35.0785,11.16,93.579,45.909
2026-03-30,46.0407,35.0994,11.167,91.455,44.631
2026-03-31,46.0406,35.1063,11.168,91.4539,44.632
2026-04-01,47.1988,35.1063,11.163,92.9211,46.249
2026-04-02,45.7185,35.0576,11.175,93.2364,46.403
2026-04-06,46.8729,35.0907,11.176,94.353,47.015
2026-04-07,46.3992,35.1168,11.184,94.7584,47.097
2026-04-08,47.6432,35.2486,11.182,98.1861,48.781
2026-04-09,46.9276,35.289,11.182,97.4948,48.77
2026-04-10,47.0712,35.313,11.194,98.8886,49.488
2026-04-13,47.1387,35.3127,11.2,98.1851,49.287
2026-04-15,47.8866,35.3753,11.206,99.8843,50.371
2026-04-16,47.9424,35.3847,11.208,99.9263,50.823
2026-04-17,47.5715,35.3894,11.21,100.7903,51.335
2026-04-20,47.6805,35.4048,11.223,100.9566,51.192
2026-04-21,47.7748,35.408,11.215,101.9645,51.656
2026-04-22,47.6535,35.4047,11.217,101.5803,52.056
2026-04-23,47.2595,35.3768,11.222,100.8016,52.033
2026-04-24,47.1949,35.3693,11.217,99.76,51.599
2026-04-27,47.3835,35.3971,11.22,100.6093,52.51
2026-04-28,46.7253,35.3858,11.225,99.9782,52.507
2026-04-29,46.3276,35.3565,11.233,100.3928,52.5
2026-04-30,47.179,35.3415,11.227,99.5502,52.161
2026-05-04,46.6071,35.3851,11.23,100.0932,52.746
2026-05-05,46.5465,35.3764,11.235,99.9072,52.777
2026-05-06,47.3431,35.4364,11.22,101.1725,53.541
2026-05-07,47.5125,35.4519,11.236,101.2917,54.169
2026-05-08,47.4631,35.4492,11.241,100.4981,54.085
2026-05-11,46.9556,35.4273,11.247,99.2007,53.438
2026-05-12,47.4771,35.4104,11.248,97.1846,52.199
2026-05-13,50.2093,35.4065,11.247,97.169,52.308
2026-05-14,50.2281,35.4011,11.252,98.0606,52.491
2026-05-15,49.1787,35.3661,11.264,98.0059,52.297
2026-05-18,49.3749,35.3089,11.264,97.9372,51.793
2026-05-19,49.8476,35.3227,11.267,98.1289,52.323
2026-05-20,49.6394,35.3088,11.262,98.3933,52.456
2026-05-21,49.8624,35.2655,11.264,98.3781,52.69
2026-05-22,49.7335,35.2898,11.256,98.7497,52.623
2026-05-25,49.748,35.3519,11.261,99.8047,53.173
2026-05-26,49.3697,35.3587,11.265,99.4356,53.324
2026-05-27,49.161,35.3826,11.262,99.8092,53.247
2026-05-29,49.0017,35.4161,11.246,98.4656,52.862
2026-05-31,49.0012,35.4295,11.246,98.4656,52.862
2026-06-01,48.5396,35.4269,11.276,97.1944,52.431
2026-06-02,49.0303,35.4486,11.259,97.4783,52.684
2026-06-03,48.6189,35.4416,11.265,97.2167,52.616
2026-06-04,48.9806,35.4655,11.273,97.2621,52.844
2026-06-05,48.664,35.5701,11.281,97.2456,52.798
2026-06-08,47.0872,35.634,11.308,95.8952,51.942
2026-06-09,47.7746,35.7203,11.289,96.6849,52.716
2026-06-10,45.9918,35.736,11.312,96.5862,52.043
2026-06-11,45.3495,35.709,11.31,96.1712,51.628
2026-06-12,46.643,35.7456,11.305,98.1776,52.885
2026-06-15,47.4448,35.7904,11.316,99.3506,53.631
2026-06-16,47.4035,35.8023,11.323,100.0048,53.977
2026-06-17,47.1799,35.8003,11.321,100.604,54.164
2026-06-18,46.4988,35.8167,11.321,100.9901,54.399
2026-06-19,45.572,35.8231,11.329,100.7824,54.445
2026-06-22,46.1924,35.8363,11.336,101.3654,54.861
2026-06-23,45.1594,35.8512,11.341,100.4605,54.501
2026-06-24,44.7391,35.8845,11.334,101.0387,54.847
2026-06-25,43.653,35.9356,11.342,101.1917,54.567
2026-06-29,44.4178,35.9908,11.344,100.7184,54.353
2026-06-30,44.198,36.0317,11.344,100.4828,54.568
2026-07-01,43.9933,36.0434,11.359,100.8965,54.8
2026-07-02,44.9689,36.0816,11.36,101.4442,55.382
2026-07-03,46.1095,36.1007,11.366,101.3599,55.473
2026-07-06,45.519,36.1258,11.37,102.1267,55.457
2026-07-07,45.1862,36.1149,11.376,101.9321,55.269
2026-07-08,44.5727,36.0334,11.393,99.81,54.294
2026-07-09,45.265,36.0468,11.387,100.3086,55.183
2026-07-10,45.0719,36.0835,11.39,101.3203,55.87
2026-07-13,44.565,36.0923,11.391,101.2495,56.073
2026-07-14,44.2203,36.0212,11.402,100.5326,55.557
2026-07-15,44.3678,36.0346,11.399,101.0231,55.865
2026-07-16,44.4206,36.06,11.398,101.0586,55.701
2026-07-17,44.1138,36.0672,11.408,101.802,55.527
2026-07-20,44.5903,36.0596,11.403,101.3229,55.76
2026-07-21,44.9838,36.0807,11.411,101.0669,55.877
2026-07-22,45.5438,36.0599,11.416,100.0997,55.413
2026-07-23,45.2598,36.0573,11.416,99.7294,55.058
2026-07-24,44.9191,36.0636,11.413,99.3273,55.106
2026-07-27,45.2475,36.1352,11.416,100.4498,55.634
2026-07-28,44.5142,36.1461,11.421,100.2374,55.351
2026-07-29,44.5556,36.139,11.426,101.4265,55.927
